{
    "scenario": {
      "steps": [
        {
          "text": "step1.md"
        },
        {
          "text": "step2.md"
        },
        {
          "text": "step3.md"
        }
        ,
        {
          "text": "step4.md"
        }
        ,
        {
          "text": "step5.md"
        }
      

      ],
      "intro": {
        "text": "intro.md"
      },
      "finish": {
        "text": "finish.md"
      },
      "video": {
        "text": {
          "en": "https://youtube.com/embed/zRiZZwGSl0M",
          "tr": "https://youtube.com/embed/zRiZZwGSl0M"
        }
      }
    },
    "environment": {
      "uilayout": "editor-terminal"
    },
    "backend": {
      "imageid": "alpine"
    }
  }